model_name,folds,mean_roc_auc,std_roc_auc,min_roc_auc,max_roc_auc,mean_average_precision,mean_log_loss,mean_brier_score,mean_balanced_accuracy_at_0_50,mean_specificity_at_0_50,mean_sensitivity_at_0_50,mean_precision_at_0_50,mean_f1_at_0_50,mean_mcc_at_0_50,total_fit_seconds,total_inference_seconds
dummy_prior,5,0.5,0.0,0.5,0.5,0.5947919272927059,0.6988559258333928,0.2528515472705598,0.5,0.6,0.4,0.1785730903208084,0.245939359560387,0.0,3.05476619998808,0.14844219994847663
logistic_regression,5,0.5180371895159395,0.06276745930539086,0.4500478061150257,0.615649481695511,0.6185336599490425,0.7128658241516048,0.2578445749792652,0.5103426765217709,0.26290050967899786,0.7577848433645438,0.6030156138144165,0.6449198775872199,0.03243983906882063,12.815676500031259,0.145745799964061
random_forest,5,0.5306366145467984,0.03880607193846436,0.4896235118801095,0.6040674754624528,0.6349502078622304,0.6937736340792802,0.2509612717748565,0.501259927523029,0.2659598403357942,0.7365600147102637,0.6182161579352663,0.5908757516529051,-0.0026871705327742856,70.3210411000764,0.3747537999879569
xgboost,5,0.5487967820210273,0.06069149378648962,0.4853846305916497,0.6376114941094992,0.6467787567283987,0.7520788344215664,0.27522710804716216,0.5121093534096499,0.3721444715178502,0.6520742353014497,0.6167335724564975,0.5654958698784978,0.027968286178405632,7.939301800040994,0.14687230001436546
