target_fold,method,calibration_train_folds,calibration_train_events,target_events,mapping_non_decreasing,mapping_direction,sigmoid_slope,sigmoid_intercept,isotonic_threshold_count,roc_auc,average_precision,brier_score,log_loss,expected_calibration_error,mean_predicted_score,observed_positive_fraction,auc_drop_vs_raw,brier_improvement_vs_raw,logloss_improvement_vs_raw,used_for_method_selection,confirmation_only,unseen_test_used
5,raw_identity,"1,2,3,4",41468,10372,True,increasing,1.0,0.0,,0.6050366653873388,0.6167077813609048,0.28720456631074054,0.8022088424907312,0.20018943593572613,0.7073240290710906,0.5071345931353645,0.0,0.0,0.0,False,True,False
5,sigmoid_platt,"1,2,3,4",41468,10372,False,decreasing,-0.08251678254754706,0.49001613564505636,,0.3949633346126612,0.43796530648144505,0.26218429143281474,0.7182212099297732,0.1307307768956273,0.5996159896087558,0.5071345931353645,0.2100733307746776,0.025020274877925797,0.08398763256095798,False,True,False
5,isotonic,"1,2,3,4",41468,10372,True,non_decreasing,,,60.0,0.5948861286646792,0.5896071209123729,0.2786286150437559,0.8061217882893472,0.21620013878612612,0.6969639281314521,0.5071345931353645,0.010150536722659642,0.008575951266984627,-0.003912945798616008,False,True,False
