calendar_year,events,winning_events,nonwinning_events,losing_events_negative_return,breakeven_events,win_rate,mean_corrected_event_return,median_corrected_event_return,corrected_event_return_standard_deviation,minimum_corrected_event_return,maximum_corrected_event_return,average_winning_return,average_losing_return,payoff_ratio,gross_profit_sum,gross_loss_absolute_sum,profit_factor,upper_barrier_events,lower_barrier_events,vertical_barrier_events,mean_label_event_holding_period_observations,median_label_event_holding_period_observations,selected_fraction_rule,portfolio_backtest_performed,confirmatory_claim_allowed
2021,965,404,561,561,0,0.41865284974093264,0.037167874484930155,-0.05773955773955752,0.21725932784991456,-0.15,0.9296740994854205,0.260455653661573,-0.12363116791678765,2.1067151435217184,105.22408407927549,69.35708520131787,1.5171353261725031,335,392,238,18.074611398963732,17.0,0.05,False,False
2022,1340,789,551,550,1,0.5888059701492537,0.1126353879979905,0.07175677605595576,0.24578932979339968,-0.15,1.4499453949763375,0.27171340286934137,-0.11536446353927828,2.355260836252498,214.38187486391033,63.45045494660305,3.378728726914947,606,342,392,19.423880597014925,20.0,0.05,False,False
2023,1103,608,495,492,3,0.5512239347234814,0.09090023900206139,0.0199985333141397,0.26900092896950295,-0.15,1.7567567567567566,0.25009581285204613,-0.10527498088367948,2.3756433936414787,152.05825421404404,51.79529059477031,2.9357544376707705,405,261,437,20.70444242973708,23.0,0.05,False,False
2024,903,333,570,569,1,0.3687707641196013,0.002318365206912913,-0.04831625183016108,0.17005739900379865,-0.15,0.8524916943521597,0.1884482469811681,-0.10660770204373748,1.767679476890462,62.75326624472898,60.659782462886625,1.0345118906933635,239,282,382,21.6578073089701,26.0,0.05,False,False
